{
    "page_name":"chateau_de_tourbillon.html",
    "location_name": "Château de Tourbillon - Twin Castles",
    "location_region": "Conthey",
    "location_short_descr": "Tourbillon Castle is a castle in Sion in the canton of Valais in Switzerland. It is situated on a hill and faces the Basilique de Valère, located on the opposite hill.",
    "location_long_descr": "Tourbillon Castle is a castle in Sion in the canton of Valais in Switzerland. It is situated on a hill and faces the Basilique de Valère, located on the opposite hill. It was built at the end of the 13th century under the direction of Bishop Boniface de Challant.",
    "tags":"nature",
    "details": ["Place Maurice Zermatten, 1950 Sion","March - September","11-17","2.5h","Free","341 Postbus","Not accessible","-"], 
    "gallery": ["chateau_de_tourbillon_1.png","chateau_de_tourbillon_2.png","chateau_de_tourbillon_3.png"],
    "street_view": "<iframe src='https://www.google.com/maps/embed?pb=!4v1673962485011!6m8!1m7!1sCAoSLEFGMVFpcFBla1RZM2VYTzM0S0NBXzc1ZXBNUUU1b0REZkkyX3lmQTUwV05l!2m2!1d46.23643819999999!2d7.3669829!3f203.02477493530364!4f6.894983749075337!5f0.7820865974627469' width='1600' height='450' style='border:0;' allowfullscreen='' loading='lazy' referrerpolicy='no-referrer-when-downgrade'></iframe>",
    "site":"https://www.tourbillon.ch/"
}